year,name,percent,gender
1960,Mary,7.8e-05,boy
1961,Mary,7.8e-05,boy
1962,Mary,7.5e-05,boy
1963,Mary,6.6e-05,boy
1964,Mary,6.6e-05,boy
1965,Mary,7.2e-05,boy
1966,Mary,6e-05,boy
1967,Mary,7.1e-05,boy
1968,Mary,5.7e-05,boy
1969,Mary,5.9e-05,boy
1960,Mary,0.02475,girl
1961,Mary,0.022958,girl
1962,Mary,0.021457,girl
1963,Mary,0.020908,girl
1964,Mary,0.020941,girl
1965,Mary,0.018761,girl
1966,Mary,0.016456,girl
1967,Mary,0.014753,girl
1968,Mary,0.012712,girl
1969,Mary,0.011271,girl
